{
  "A": {
    "A1": {
      "position": [
        5476.949819899077,
        12.432188947929808,
        -4047.834851585778
      ],
      "quaternion": [
        0,
        0.001137290841473473,
        0,
        0.9999993532845618
      ],
      "scale": 1120.896357196329
    },
    "A2": {
      "position": [
        5476.949819899077,
        12.432188947929808,
        -4047.834851585778
      ],
      "quaternion": [
        0,
        0.001137290841473473,
        0,
        0.9999993532845618
      ],
      "scale": 1120.896357196329
    },
    "A3": {
      "position": [
        5476.949819899077,
        12.432188947929808,
        -4047.834851585778
      ],
      "quaternion": [
        0,
        0.001137290841473473,
        0,
        0.9999993532845618
      ],
      "scale": 1120.896357196329
    },
    "A4": {
      "position": [
        5476.949819899077,
        12.432188947929808,
        -4047.834851585778
      ],
      "quaternion": [
        0,
        0.001137290841473473,
        0,
        0.9999993532845618
      ],
      "scale": 1120.896357196329
    },
    "A5": {
      "position": [
        5476.949819899077,
        12.432188947929808,
        -4047.834851585778
      ],
      "quaternion": [
        0,
        0.001137290841473473,
        0,
        0.9999993532845618
      ],
      "scale": 1120.896357196329
    },
    "A6": {
      "position": [
        5476.949819899077,
        12.432188947929808,
        -4047.834851585778
      ],
      "quaternion": [
        0,
        0.001137290841473473,
        0,
        0.9999993532845618
      ],
      "scale": 1120.896357196329
    }
  },
  "B": {
    "A1": {
      "position": [
        -3851.0501801009227,
        12.432188947929808,
        2893.165148414222
      ],
      "quaternion": [
        0,
        0.001137290841473464,
        0,
        0.9999993532845618
      ],
      "scale": 1120.896357196329
    },
    "A2": {
      "position": [
        -3851.0501801009227,
        12.432188947929808,
        2893.165148414222
      ],
      "quaternion": [
        0,
        0.001137290841473464,
        0,
        0.9999993532845618
      ],
      "scale": 1120.896357196329
    },
    "A3": {
      "position": [
        -3851.0501801009227,
        12.432188947929808,
        2893.165148414222
      ],
      "quaternion": [
        0,
        0.001137290841473464,
        0,
        0.9999993532845618
      ],
      "scale": 1120.896357196329
    },
    "A4": {
      "position": [
        -3851.0501801009227,
        12.432188947929808,
        2893.165148414222
      ],
      "quaternion": [
        0,
        0.001137290841473464,
        0,
        0.9999993532845618
      ],
      "scale": 1120.896357196329
    },
    "A5": {
      "position": [
        -3851.0501801009227,
        12.432188947929808,
        2893.165148414222
      ],
      "quaternion": [
        0,
        0.001137290841473464,
        0,
        0.9999993532845618
      ],
      "scale": 1120.896357196329
    },
    "A6": {
      "position": [
        -3851.0501801009227,
        12.432188947929808,
        2893.165148414222
      ],
      "quaternion": [
        0,
        0.001137290841473464,
        0,
        0.9999993532845618
      ],
      "scale": 1120.896357196329
    }
  }
}
