{
  "A": {
    "camera": {
      "A1": {
        "position": [
          -940,
          6780.36856,
          23873.718936
        ],
        "quaternion": [
          -0.019196,
          0.01047,
          0.000201,
          0.999761
        ],
        "fov": 66.762505
      },
      "A2": {
        "position": [
          15389.223267,
          7579.265104,
          9458.351218
        ],
        "quaternion": [
          -0.032603,
          0.452035,
          0.016536,
          0.891251
        ],
        "fov": 66.762505
      },
      "A3": {
        "position": [
          24413.23392,
          5006.1084,
          -5712.822489
        ],
        "quaternion": [
          -0.01098,
          -0.777153,
          0.013565,
          -0.62907
        ],
        "fov": 66.762505
      },
      "A4": {
        "position": [
          3745.088263,
          5006.1084,
          -23055.455887
        ],
        "quaternion": [
          -0.000774,
          -0.999219,
          0.026071,
          -0.029673
        ],
        "fov": 66.762505
      },
      "A5": {
        "position": [
          -14355.582099,
          6643.119145,
          -12473.068164
        ],
        "quaternion": [
          -0.00691,
          -0.897917,
          -0.014106,
          0.439885
        ],
        "fov": 66.760635
      },
      "A6": {
        "position": [
          -25275.578942,
          5714.772132,
          3515
        ],
        "quaternion": [
          -0.00494,
          -0.680447,
          -0.004588,
          0.732766
        ],
        "fov": 58.838219
      }
    },
    "transform": {
      "position": [
        5476.94982,
        12.432189,
        -4047.834852
      ],
      "quaternion": [
        0,
        0.001137,
        0,
        0.999999
      ],
      "scale": 1120.896357
    }
  },
  "B": {
    "camera": {
      "A1": {
        "position": [
          -940,
          6780.36856,
          23873.718936
        ],
        "quaternion": [
          -0.019196,
          0.01047,
          0.000201,
          0.999761
        ],
        "fov": 66.762505
      },
      "A2": {
        "position": [
          15389.223267,
          7579.265104,
          9458.351218
        ],
        "quaternion": [
          -0.032603,
          0.452035,
          0.016536,
          0.891251
        ],
        "fov": 66.762505
      },
      "A3": {
        "position": [
          24413.23392,
          5006.1084,
          -5712.822489
        ],
        "quaternion": [
          -0.01098,
          -0.777153,
          0.013565,
          -0.62907
        ],
        "fov": 66.762505
      },
      "A4": {
        "position": [
          3745.088263,
          5006.1084,
          -23055.455887
        ],
        "quaternion": [
          -0.000774,
          -0.999219,
          0.026071,
          -0.029673
        ],
        "fov": 66.762505
      },
      "A5": {
        "position": [
          -14355.582099,
          6643.119145,
          -12473.068164
        ],
        "quaternion": [
          -0.00691,
          -0.897917,
          -0.014106,
          0.439885
        ],
        "fov": 66.760635
      },
      "A6": {
        "position": [
          -25275.578942,
          5714.772132,
          3515
        ],
        "quaternion": [
          -0.00494,
          -0.680447,
          -0.004588,
          0.732766
        ],
        "fov": 58.838219
      }
    },
    "transform": {
      "position": [
        -3851.05018,
        12.432189,
        2893.165148
      ],
      "quaternion": [
        0,
        0.001137,
        0,
        0.999999
      ],
      "scale": 1120.896357
    }
  }
}
