{
    "A1": {
        "camera": {
            "position": {
                "x": -939.9999999991672,
                "y": 23873.71893564477,
                "z": 6780.3685595487805
            },
            "rotation": {
                "pitch": -2.2000009999999914,
                "yaw": -91.19997000000002,
                "roll": 3.9786259343795586e-16
            },
            "fov": 66.76250457763672
        },
        "dummies": {
            "dummy_Ta1": {
                "x": 2932.263947,
                "y": -3466.955825,
                "z": 15.0
            },
            "dummy_Ta2": {
                "x": 8082.028969,
                "y": -3466.955825,
                "z": 15.0
            },
            "dummy_Ta3": {
                "x": 8201.172043,
                "y": -4560.578354,
                "z": 15.0
            },
            "dummy_Ta4": {
                "x": 2813.121032,
                "y": -4560.578354,
                "z": 15.0
            },
            "dummy_Tb1": {
                "x": -6395.736053,
                "y": 3474.044175,
                "z": 15.0
            },
            "dummy_Tb2": {
                "x": -1245.971031,
                "y": 3474.044175,
                "z": 15.0
            },
            "dummy_Tb3": {
                "x": -1126.827957,
                "y": 2380.421646,
                "z": 15.0
            },
            "dummy_Tb4": {
                "x": -6514.878968,
                "y": 2380.421646,
                "z": 15.0
            }
        }
    },
    "A2": {
        "camera": {
            "position": {
                "x": 15389.223266746534,
                "y": 9458.351217781976,
                "z": 7579.265103864349
            },
            "rotation": {
                "pitch": -4.189982999999994,
                "yaw": -143.72283754525844,
                "roll": -4.185665188288088e-15
            },
            "fov": 66.76250457763672
        },
        "dummies": {
            "dummy_Ta1": {
                "x": 2932.263947,
                "y": -3466.955825,
                "z": 15.0
            },
            "dummy_Ta2": {
                "x": 8082.028969,
                "y": -3466.955825,
                "z": 15.0
            },
            "dummy_Ta3": {
                "x": 8201.172043,
                "y": -4560.578354,
                "z": 15.0
            },
            "dummy_Ta4": {
                "x": 2813.121032,
                "y": -4560.578354,
                "z": 15.0
            },
            "dummy_Tb1": {
                "x": -6395.736053,
                "y": 3474.044175,
                "z": 15.0
            },
            "dummy_Tb2": {
                "x": -1245.971031,
                "y": 3474.044175,
                "z": 15.0
            },
            "dummy_Tb3": {
                "x": -1126.827957,
                "y": 2380.421646,
                "z": 15.0
            },
            "dummy_Tb4": {
                "x": -6514.878968,
                "y": 2380.421646,
                "z": 15.0
            }
        }
    },
    "A3": {
        "camera": {
            "position": {
                "x": 24413.233919940263,
                "y": -5712.82248924739,
                "z": 5006.108399716775
            },
            "rotation": {
                "pitch": 3.799991999999989,
                "yaw": -176.82286100000002,
                "roll": 1.309889009814734e-14
            },
            "fov": 66.76250457763672
        },
        "dummies": {
            "dummy_Ta1": {
                "x": 2932.263947,
                "y": -3466.955825,
                "z": 15.0
            },
            "dummy_Ta2": {
                "x": 8082.028969,
                "y": -3466.955825,
                "z": 15.0
            },
            "dummy_Ta3": {
                "x": 8201.172043,
                "y": -4560.578354,
                "z": 15.0
            },
            "dummy_Ta4": {
                "x": 2813.121032,
                "y": -4560.578354,
                "z": 15.0
            },
            "dummy_Tb1": {
                "x": -6395.736053,
                "y": 3474.044175,
                "z": 15.0
            },
            "dummy_Tb2": {
                "x": -1245.971031,
                "y": 3474.044175,
                "z": 15.0
            },
            "dummy_Tb3": {
                "x": -1126.827957,
                "y": 2380.421646,
                "z": 15.0
            },
            "dummy_Tb4": {
                "x": -6514.878968,
                "y": 2380.421646,
                "z": 15.0
            }
        }
    },
    "A4": {
        "camera": {
            "position": {
                "x": 3745.0882626685593,
                "y": -23055.455887381257,
                "z": 5006.108399716779
            },
            "rotation": {
                "pitch": 2.989215999999981,
                "yaw": 93.40197,
                "roll": 1.3933885628392451e-15
            },
            "fov": 66.76250457763672
        },
        "dummies": {
            "dummy_Ta1": {
                "x": 2932.263947,
                "y": -3466.955825,
                "z": 15.0
            },
            "dummy_Ta2": {
                "x": 8082.028969,
                "y": -3466.955825,
                "z": 15.0
            },
            "dummy_Ta3": {
                "x": 8201.172043,
                "y": -4560.578354,
                "z": 15.0
            },
            "dummy_Ta4": {
                "x": 2813.121032,
                "y": -4560.578354,
                "z": 15.0
            },
            "dummy_Tb1": {
                "x": -6395.736053,
                "y": 3474.044175,
                "z": 15.0
            },
            "dummy_Tb2": {
                "x": -1245.971031,
                "y": 3474.044175,
                "z": 15.0
            },
            "dummy_Tb3": {
                "x": -1126.827957,
                "y": 2380.421646,
                "z": 15.0
            },
            "dummy_Tb4": {
                "x": -6514.878968,
                "y": 2380.421646,
                "z": 15.0
            }
        }
    },
    "A5": {
        "camera": {
            "position": {
                "x": -14355.582099302526,
                "y": -12473.068163585081,
                "z": 6643.1191452582625
            },
            "rotation": {
                "pitch": -1.8000009999999902,
                "yaw": 37.799987999999956,
                "roll": -1.1833526859345425e-14
            },
            "fov": 66.76063537597656
        },
        "dummies": {
            "dummy_Ta1": {
                "x": 2932.263947,
                "y": -3466.955825,
                "z": 15.0
            },
            "dummy_Ta2": {
                "x": 8082.028969,
                "y": -3466.955825,
                "z": 15.0
            },
            "dummy_Ta3": {
                "x": 8201.172043,
                "y": -4560.578354,
                "z": 15.0
            },
            "dummy_Ta4": {
                "x": 2813.121032,
                "y": -4560.578354,
                "z": 15.0
            },
            "dummy_Tb1": {
                "x": -6395.736053,
                "y": 3474.044175,
                "z": 15.0
            },
            "dummy_Tb2": {
                "x": -1245.971031,
                "y": 3474.044175,
                "z": 15.0
            },
            "dummy_Tb3": {
                "x": -1126.827957,
                "y": 2380.421646,
                "z": 15.0
            },
            "dummy_Tb4": {
                "x": -6514.878968,
                "y": 2380.421646,
                "z": 15.0
            }
        }
    },
    "A6": {
        "camera": {
            "position": {
                "x": -25275.578942091688,
                "y": 3515.0000000008195,
                "z": 5714.772132409666
            },