{
    "A1": {
        "camera": {
            "position": {
                "x": -939.9999999992987,
                "y": 23873.718935645928,
                "z": 6780.368559553108
            },
            "rotation": {
                "pitch": -2.2000009999999923,
                "yaw": -91.19999694824222,
                "roll": 4.2432045590157987e-13
            },
            "fov": 66.76250457763672
        },
        "dummies": {
            "dummy_Ta1": {
                "x": 2932.263947,
                "y": -3466.955825,
                "z": 15.0
            },
            "dummy_Ta2": {
                "x": 8082.028968999999,
                "y": -3466.955825,
                "z": 15.0
            },
            "dummy_Ta3": {
                "x": 8201.172043,
                "y": -4560.578354,
                "z": 15.0
            },
            "dummy_Ta4": {
                "x": 2813.121032,
                "y": -4560.578354,
                "z": 15.0
            },
            "dummy_Tb1": {
                "x": -6395.736053,
                "y": 3474.044175,
                "z": 15.0
            },
            "dummy_Tb2": {
                "x": -1245.971031,
                "y": 3474.044175,
                "z": 15.0
            },
            "dummy_Tb3": {
                "x": -1126.827957,
                "y": 2380.421646,
                "z": 15.0
            },
            "dummy_Tb4": {
                "x": -6514.878967999999,
                "y": 2380.421646,
                "z": 15.0
            }
        }
    },
    "A2": {
        "camera": {
            "position": {
                "x": 15389.223266747586,
                "y": 9458.351217782496,
                "z": 7579.265103868676
            },
            "rotation": {
                "pitch": -4.188355208738763,
                "yaw": -143.7210615337563,
                "roll": 4.21555402451985e-13
            },
            "fov": 64.34510803222656
        },
        "dummies": {
            "dummy_Ta1": {
                "x": 2932.263947,
                "y": -3466.955825,
                "z": 15.0
            },
            "dummy_Ta2": {
                "x": 8082.028968999999,
                "y": -3466.955825,
                "z": 15.0
            },
            "dummy_Ta3": {
                "x": 8201.172043,
                "y": -4560.578354,
                "z": 15.0
            },
            "dummy_Ta4": {
                "x": 2813.121032,
                "y": -4560.578354,
                "z": 15.0
            },
            "dummy_Tb1": {
                "x": -6395.736053,
                "y": 3474.044175,
                "z": 15.0
            },
            "dummy_Tb2": {
                "x": -1245.971031,
                "y": 3474.044175,
                "z": 15.0
            },
            "dummy_Tb3": {
                "x": -1126.827957,
                "y": 2380.421646,
                "z": 15.0
            },
            "dummy_Tb4": {
                "x": -6514.878967999999,
                "y": 2380.421646,
                "z": 15.0
            }
        }
    },
    "A3": {
        "camera": {
            "position": {
                "x": 24413.23391994141,
                "y": -5712.822489247666,
                "z": 5006.1083997211035
            },
            "rotation": {
                "pitch": 3.799998760223376,
                "yaw": -176.39999389648438,
                "roll": 4.2982289898443025e-13
            },
            "fov": 64.34510803222656
        },
        "dummies": {
            "dummy_Ta1": {
                "x": 2932.263947,
                "y": -3466.955825,
                "z": 15.0
            },
            "dummy_Ta2": {
                "x": 8082.028968999999,
                "y": -3466.955825,
                "z": 15.0
            },
            "dummy_Ta3": {
                "x": 8201.172043,
                "y": -4560.578354,
                "z": 15.0
            },
            "dummy_Ta4": {
                "x": 2813.121032,
                "y": -4560.578354,
                "z": 15.0
            },
            "dummy_Tb1": {
                "x": -6395.736053,
                "y": 3474.044175,
                "z": 15.0
            },
            "dummy_Tb2": {
                "x": -1245.971031,
                "y": 3474.044175,
                "z": 15.0
            },
            "dummy_Tb3": {
                "x": -1126.827957,
                "y": 2380.421646,
                "z": 15.0
            },
            "dummy_Tb4": {
                "x": -6514.878967999999,
                "y": 2380.421646,
                "z": 15.0
            }
        }
    },
    "A4": {
        "camera": {
            "position": {
                "x": 3745.0882626688863,
                "y": -23055.455887382384,
                "z": 5006.108399721103
            },
            "rotation": {
                "pitch": 2.9999995231628223,
                "yaw": 94.00000524520875,
                "roll": 4.154329374850802e-13
            },
            "fov": 58.832576751708984
        },
        "dummies": {
            "dummy_Ta1": {
                "x": 2932.263947,
                "y": -3466.955825,
                "z": 15.0
            },
            "dummy_Ta2": {
                "x": 8082.028968999999,
                "y": -3466.955825,
                "z": 15.0
            },
            "dummy_Ta3": {
                "x": 8201.172043,
                "y": -4560.578354,
                "z": 15.0
            },
            "dummy_Ta4": {
                "x": 2813.121032,
                "y": -4560.578354,
                "z": 15.0
            },
            "dummy_Tb1": {
                "x": -6395.736053,
                "y": 3474.044175,
                "z": 15.0
            },
            "dummy_Tb2": {
                "x": -1245.971031,
                "y": 3474.044175,
                "z": 15.0
            },
            "dummy_Tb3": {
                "x": -1126.827957,
                "y": 2380.421646,
                "z": 15.0
            },
            "dummy_Tb4": {
                "x": -6514.878967999999,
                "y": 2380.421646,
                "z": 15.0
            }
        }
    },
    "A5": {
        "camera": {
            "position": {
                "x": -14355.582099303181,
                "y": -12473.068163586051,
                "z": 6643.119145262593
            },
            "rotation": {
                "pitch": -1.800000786781292,
                "yaw": 37.800003051757756,
                "roll": 4.0482594822488493e-13
            },
            "fov": 58.832576751708984
        },
        "dummies": {
            "dummy_Ta1": {
                "x": 2932.263947,
                "y": -3466.955825,
                "z": 15.0
            },
            "dummy_Ta2": {
                "x": 8082.028968999999,
                "y": -3466.955825,
                "z": 15.0
            },
            "dummy_Ta3": {
                "x": 8201.172043,
                "y": -4560.578354,
                "z": 15.0
            },
            "dummy_Ta4": {
                "x": 2813.121032,
                "y": -4560.578354,
                "z": 15.0
            },
            "dummy_Tb1": {
                "x": -6395.736053,
                "y": 3474.044175,
                "z": 15.0
            },
            "dummy_Tb2": {
                "x": -1245.971031,
                "y": 3474.044175,
                "z": 15.0
            },
            "dummy_Tb3": {
                "x": -1126.827957,
                "y": 2380.421646,
                "z": 15.0
            },
            "dummy_Tb4": {
                "x": -6514.878967999999,
                "y": 2380.421646,
                "z": 15.0
            }
        }
    },
    "A6": {
        "camera": {
            "position": {
                "x": -25275.57894209287,
                "y": 3515.0000000006967,