{
    "A1": {
        "camera": {
            "position": {
                "x": -939.9999999992036,
                "y": 23873.71893564465,
                "z": 6780.368559548338
            },
            "rotation": {
                "pitch": -2.2000009999999914,
                "yaw": -91.19997000000002,
                "roll": 7.957251868759117e-16
            },
            "fov": 66.76250457763672
        },
                "dummies": {
            "dummy_Ta1": {
                "x": 2932.263947,
                "y": -3466.955825,
                "z": 15.0
            },
            "dummy_Ta2": {
                "x": 8082.028969,
                "y": -3466.955825,
                "z": 15.0
            },
            "dummy_Ta3": {
                "x": 8201.172043,
                "y": -4560.578354,
                "z": 15.0
            },
            "dummy_Ta4": {
                "x": 2813.121032,
                "y": -4560.578354,
                "z": 15.0
            },
            "dummy_Tb1": {
                "x": -6395.736053,
                "y": 3474.044175,
                "z": 15.0
            },
            "dummy_Tb2": {
                "x": -1245.971031,
                "y": 3474.044175,
                "z": 15.0
            },
            "dummy_Tb3": {
                "x": -1126.827957,
                "y": 2380.421646,
                "z": 15.0
            },
            "dummy_Tb4": {
                "x": -6514.878968,
                "y": 2380.421646,
                "z": 15.0
            }
        }
    },
    "A2": {
        "camera": {
            "position": {
                "x": 15389.22326674641,
                "y": 9458.35121778197,
                "z": 7579.265103863909
            },
            "rotation": {
                "pitch": -4.189982999999994,
                "yaw": -143.78743398085504,
                "roll": -4.185665188288088e-15
            },
            "fov": 66.76250457763672
        },
                "dummies": {
            "dummy_Ta1": {
                "x": 2932.263947,
                "y": -3466.955825,
                "z": 15.0
            },
            "dummy_Ta2": {
                "x": 8082.028969,
                "y": -3466.955825,
                "z": 15.0
            },
            "dummy_Ta3": {
                "x": 8201.172043,
                "y": -4560.578354,
                "z": 15.0
            },
            "dummy_Ta4": {
                "x": 2813.121032,
                "y": -4560.578354,
                "z": 15.0
            },
            "dummy_Tb1": {
                "x": -6395.736053,
                "y": 3474.044175,
                "z": 15.0
            },
            "dummy_Tb2": {
                "x": -1245.971031,
                "y": 3474.044175,
                "z": 15.0
            },
            "dummy_Tb3": {
                "x": -1126.827957,
                "y": 2380.421646,
                "z": 15.0
            },
            "dummy_Tb4": {
                "x": -6514.878968,
                "y": 2380.421646,
                "z": 15.0
            }
        }
    },
    "A3": {
        "camera": {
            "position": {
                "x": 24413.23391994017,
                "y": -5712.822489247319,
                "z": 5006.108399716332
            },
            "rotation": {
                "pitch": 1.9999920129775923,
                "yaw": 167.97714233398438,
                "roll": 1.705617532415572e-14
            },
            "fov": 66.76250457763672
        },
                "dummies": {
            "dummy_Ta1": {
                "x": 2932.263947,
                "y": -3466.955825,
                "z": 15.0
            },
            "dummy_Ta2": {
                "x": 8082.028969,
                "y": -3466.955825,
                "z": 15.0
            },
            "dummy_Ta3": {
                "x": 8201.172043,
                "y": -4560.578354,
                "z": 15.0
            },
            "dummy_Ta4": {
                "x": 2813.121032,
                "y": -4560.578354,
                "z": 15.0
            },
            "dummy_Tb1": {
                "x": -6395.736053,
                "y": 3474.044175,
                "z": 15.0
            },
            "dummy_Tb2": {
                "x": -1245.971031,
                "y": 3474.044175,
                "z": 15.0
            },
            "dummy_Tb3": {
                "x": -1126.827957,
                "y": 2380.421646,
                "z": 15.0
            },
            "dummy_Tb4": {
                "x": -6514.878968,
                "y": 2380.421646,
                "z": 15.0
            }
        }
    },
    "A4": {
        "camera": {
            "position": {
                "x": 3745.088262668563,
                "y": -23055.455887381144,
                "z": 5006.108399716336
            },
            "rotation": {
                "pitch": 2.9892159999999803,
                "yaw": 93.40196999999999,
                "roll": 2.38866610772442e-15
            },
            "fov": 66.76250457763672
        },
                "dummies": {
            "dummy_Ta1": {
                "x": 2932.263947,
                "y": -3466.955825,
                "z": 15.0
            },
            "dummy_Ta2": {
                "x": 8082.028969,
                "y": -3466.955825,
                "z": 15.0
            },
            "dummy_Ta3": {
                "x": 8201.172043,
                "y": -4560.578354,
                "z": 15.0
            },
            "dummy_Ta4": {
                "x": 2813.121032,
                "y": -4560.578354,
                "z": 15.0
            },
            "dummy_Tb1": {
                "x": -6395.736053,
                "y": 3474.044175,
                "z": 15.0
            },
            "dummy_Tb2": {
                "x": -1245.971031,
                "y": 3474.044175,
                "z": 15.0
            },
            "dummy_Tb3": {
                "x": -1126.827957,
                "y": 2380.421646,
                "z": 15.0
            },
            "dummy_Tb4": {
                "x": -6514.878968,
                "y": 2380.421646,
                "z": 15.0
            }
        }
    },
    "A5": {
        "camera": {
            "position": {
                "x": -14355.582099302446,
                "y": -12473.068163585009,
                "z": 6643.119145257824
            },
            "rotation": {
                "pitch": -1.8000009999999902,
                "yaw": 37.79998799999994,
                "roll": -1.0540788631013573e-14
            },
            "fov": 66.76063537597656
        },
                "dummies": {
            "dummy_Ta1": {
                "x": 2932.263947,
                "y": -3466.955825,
                "z": 15.0
            },
            "dummy_Ta2": {
                "x": 8082.028969,
                "y": -3466.955825,
                "z": 15.0
            },
            "dummy_Ta3": {
                "x": 8201.172043,
                "y": -4560.578354,
                "z": 15.0
            },
            "dummy_Ta4": {
                "x": 2813.121032,
                "y": -4560.578354,
                "z": 15.0
            },
            "dummy_Tb1": {
                "x": -6395.736053,
                "y": 3474.044175,
                "z": 15.0
            },
            "dummy_Tb2": {
                "x": -1245.971031,
                "y": 3474.044175,
                "z": 15.0
            },
            "dummy_Tb3": {
                "x": -1126.827957,
                "y": 2380.421646,
                "z": 15.0
            },
            "dummy_Tb4": {
                "x": -6514.878968,
                "y": 2380.421646,
                "z": 15.0
            }
        }
    },
    "A6": {
        "camera": {
            "position": {
                "x": -25275.578942091608,
                "y": 3515.0000000008035,
                "z": 5714.772132409242
            },